"timestamp","015-0359-iw3","044-0362-iw1","117-0361-iw2"
"2018-07-29 00:00:00",0.1,,
"2018-07-30 00:00:00",,,0.1
"2018-07-31 00:00:00",,-0.1,
"2018-08-04 00:00:00",-6.3,,
"2018-08-05 00:00:00",,,7.8
"2018-08-06 00:00:00",,0,
"2018-08-10 00:00:00",3,,
"2018-08-11 00:00:00",,,12.1
"2018-08-12 00:00:00",,5.5,
"2018-08-16 00:00:00",-1.5,,
"2018-08-17 00:00:00",,,7.6
"2018-08-18 00:00:00",,4,
"2018-08-22 00:00:00",-1.1,,
"2018-08-23 00:00:00",,,10.3
"2018-08-24 00:00:00",,2.2,
"2018-08-28 00:00:00",-2,,
"2018-08-29 00:00:00",,,8.8
"2018-08-30 00:00:00",,0.9,
"2018-09-03 00:00:00",-5.5,,
"2018-09-04 00:00:00",,,5.7
"2018-09-05 00:00:00",,3.6,
"2018-09-09 00:00:00",4.9,,
"2018-09-10 00:00:00",,,10.1
"2018-09-11 00:00:00",,4.7,
"2018-09-15 00:00:00",2.6,,
"2018-09-16 00:00:00",,,6.7
"2018-09-17 00:00:00",,0.3,
"2018-09-21 00:00:00",6,,
"2018-09-22 00:00:00",,,14.3
"2018-09-23 00:00:00",,1.6,
"2018-09-27 00:00:00",4.8,,
"2018-09-28 00:00:00",,,14.8
"2018-09-29 00:00:00",,2.4,
"2018-10-03 00:00:00",3.7,,
"2018-10-04 00:00:00",,,11
"2018-10-05 00:00:00",,3.6,
"2018-10-09 00:00:00",9,,
"2018-10-10 00:00:00",,,10.1
"2018-10-11 00:00:00",,-3,
"2018-10-15 00:00:00",5.8,,
"2018-10-16 00:00:00",,,16.4
"2018-10-17 00:00:00",,1.3,
"2018-10-21 00:00:00",2.1,,
"2018-10-22 00:00:00",,,16.5
"2018-10-23 00:00:00",,4,
"2018-10-27 00:00:00",9.2,,
"2018-10-28 00:00:00",,,16.5
"2018-10-29 00:00:00",,-0.5,
"2018-11-02 00:00:00",11.6,,
"2018-11-03 00:00:00",,,11.3
"2018-11-04 00:00:00",,3.6,
"2018-11-08 00:00:00",19.1,,
"2018-11-09 00:00:00",,,19.5
"2018-11-10 00:00:00",,-0.9,
"2018-11-14 00:00:00",12.8,,
"2018-11-15 00:00:00",,,14
"2018-11-16 00:00:00",,-4.9,
"2018-11-20 00:00:00",22.8,,
"2018-11-21 00:00:00",,,18.9
"2018-11-22 00:00:00",,1.7,
"2018-11-26 00:00:00",18.6,,
"2018-11-27 00:00:00",,,18
"2018-11-28 00:00:00",,-0.2,
"2018-12-02 00:00:00",20.8,,
"2018-12-03 00:00:00",,,20.1
"2018-12-04 00:00:00",,0.4,
"2018-12-08 00:00:00",10.7,,
"2018-12-09 00:00:00",,,17.3
"2018-12-10 00:00:00",,-3.6,
"2018-12-14 00:00:00",16.6,,
"2018-12-15 00:00:00",,,14.8
"2018-12-16 00:00:00",,-8,
"2018-12-20 00:00:00",20.1,,
"2018-12-22 00:00:00",,-4.6,
"2018-12-26 00:00:00",17.9,,
"2018-12-27 00:00:00",,,16.3
"2018-12-28 00:00:00",,-5.3,
"2019-01-01 00:00:00",18.6,,
"2019-01-02 00:00:00",,,17.6
"2019-01-03 00:00:00",,-0.9,
"2019-01-07 00:00:00",19.2,,
"2019-01-08 00:00:00",,,18.5
"2019-01-09 00:00:00",,-2.5,
"2019-01-13 00:00:00",15.8,,
"2019-01-14 00:00:00",,,19.6
"2019-01-15 00:00:00",,1.9,
"2019-01-19 00:00:00",16.1,,
"2019-01-20 00:00:00",,,18.7
"2019-01-21 00:00:00",,-3.6,
"2019-01-26 00:00:00",,,19.1
"2019-01-27 00:00:00",,-1.8,
"2019-01-31 00:00:00",19.2,,
"2019-02-01 00:00:00",,,20.8
"2019-02-06 00:00:00",20.7,,
"2019-02-07 00:00:00",,,20.3
"2019-02-08 00:00:00",,-1.4,
"2019-02-13 00:00:00",,,17.4
"2019-02-14 00:00:00",,-3.6,
"2019-02-18 00:00:00",18.2,,
"2019-02-19 00:00:00",,,18
"2019-02-20 00:00:00",,-2.6,
"2019-02-24 00:00:00",14.8,,
"2019-02-25 00:00:00",,,11.8
"2019-02-26 00:00:00",,-2.9,
"2019-03-02 00:00:00",15,,
"2019-03-03 00:00:00",,,17.3
"2019-03-04 00:00:00",,-0.9,
"2019-03-08 00:00:00",18.2,,
"2019-03-09 00:00:00",,,15.6
"2019-03-10 00:00:00",,1.5,
"2019-03-14 00:00:00",17.2,,
"2019-03-15 00:00:00",,,16.1
"2019-03-16 00:00:00",,0,
"2019-03-20 00:00:00",20.4,,
"2019-03-21 00:00:00",,,17
"2019-03-22 00:00:00",,-2.8,
"2019-03-26 00:00:00",9.4,,
"2019-03-27 00:00:00",,,14.6
"2019-03-28 00:00:00",,-3.1,
"2019-04-01 00:00:00",19.8,,
"2019-04-02 00:00:00",,,15.5
"2019-04-03 00:00:00",,-3.5,
"2019-04-07 00:00:00",14.7,,
"2019-04-08 00:00:00",,,20.5
"2019-04-09 00:00:00",,-0.5,
"2019-04-13 00:00:00",16,,
"2019-04-14 00:00:00",,,19.4
"2019-04-15 00:00:00",,-0.1,
"2019-04-19 00:00:00",12.2,,
"2019-04-20 00:00:00",,,16.9
"2019-04-21 00:00:00",,-5.3,
"2019-04-26 00:00:00",,,12.5
"2019-04-27 00:00:00",,-5.1,
"2019-05-01 00:00:00",22.7,,
"2019-05-02 00:00:00",,,20.9
"2019-05-03 00:00:00",,0.4,
"2019-05-07 00:00:00",17.7,,
"2019-05-08 00:00:00",,,20.3
"2019-05-09 00:00:00",,-3.2,
"2019-05-13 00:00:00",12.2,,
"2019-05-14 00:00:00",,,14.1
"2019-05-15 00:00:00",,-5.3,
"2019-05-19 00:00:00",16.8,,
"2019-05-20 00:00:00",,,14.7
"2019-05-21 00:00:00",,-6.3,
"2019-05-25 00:00:00",15.4,,
"2019-05-26 00:00:00",,,13.7
"2019-05-27 00:00:00",,-2.1,
"2019-05-31 00:00:00",20.2,,
"2019-06-01 00:00:00",,,17.3
"2019-06-02 00:00:00",,-4.4,
"2019-06-06 00:00:00",15.2,,
"2019-06-07 00:00:00",,,18.5
"2019-06-08 00:00:00",,-6,
"2019-06-12 00:00:00",15.6,,
"2019-06-13 00:00:00",,,17.5
"2019-06-14 00:00:00",,-4.3,
"2019-06-18 00:00:00",23.7,,
"2019-06-19 00:00:00",,,17.7
"2019-06-20 00:00:00",,-4.9,
"2019-06-25 00:00:00",,,13.8
"2019-06-26 00:00:00",,-2,
"2019-06-30 00:00:00",18.5,,
"2019-07-01 00:00:00",,,16.3
"2019-07-02 00:00:00",,-4.4,
"2019-07-06 00:00:00",20.2,,
"2019-07-07 00:00:00",,,16.9
"2019-07-08 00:00:00",,-3.9,
"2019-07-12 00:00:00",19.4,,
"2019-07-13 00:00:00",,,18
"2019-07-14 00:00:00",,-5.8,
"2019-07-18 00:00:00",22.5,,
"2019-07-19 00:00:00",,,20.1
"2019-07-20 00:00:00",,-5.6,
"2019-07-24 00:00:00",14.8,,
"2019-07-25 00:00:00",,,15.8
"2019-07-26 00:00:00",,-5.2,
"2019-07-30 00:00:00",18.8,,
"2019-07-31 00:00:00",,,17.8
"2019-08-01 00:00:00",,-5.4,
"2019-08-05 00:00:00",12.3,,
"2019-08-06 00:00:00",,,16.7
"2019-08-07 00:00:00",,-5.3,
"2019-08-11 00:00:00",15.7,,
"2019-08-12 00:00:00",,,15.6
"2019-08-13 00:00:00",,-5.4,
"2019-08-17 00:00:00",25.8,,
"2019-08-18 00:00:00",,,21.6
"2019-08-19 00:00:00",,-5.1,
"2019-08-24 00:00:00",,,15.4
"2019-08-25 00:00:00",,-1.9,
"2019-08-29 00:00:00",24.2,,
"2019-08-30 00:00:00",,,17.9
"2019-08-31 00:00:00",,-1.5,
"2019-09-04 00:00:00",16.7,,
"2019-09-05 00:00:00",,,16.2
"2019-09-06 00:00:00",,-4.9,
"2019-09-10 00:00:00",19.6,,
"2019-09-11 00:00:00",,,18.3
"2019-09-12 00:00:00",,-3,
"2019-09-16 00:00:00",26.1,,
"2019-09-17 00:00:00",,,19.2
"2019-09-18 00:00:00",,-3.9,
"2019-09-22 00:00:00",19.9,,
"2019-09-24 00:00:00",,-4.5,
"2019-09-28 00:00:00",26.2,,
"2019-09-29 00:00:00",,,18.6
"2019-09-30 00:00:00",,1.1,
"2019-10-04 00:00:00",23.7,,
"2019-10-05 00:00:00",,,21.9
"2019-10-06 00:00:00",,-4.9,
"2019-10-10 00:00:00",22.8,,
"2019-10-11 00:00:00",,,19.3
"2019-10-12 00:00:00",,-1,
"2019-10-16 00:00:00",30.7,,
"2019-10-17 00:00:00",,,19
"2019-10-18 00:00:00",,-5.1,
"2019-10-23 00:00:00",,,22.9
"2019-10-24 00:00:00",,-7.2,
"2019-10-28 00:00:00",31.1,,
"2019-10-29 00:00:00",,,22
"2019-10-30 00:00:00",,-3.7,
"2019-11-03 00:00:00",31,,
"2019-11-04 00:00:00",,,23.1
"2019-11-05 00:00:00",,-3.1,
"2019-11-09 00:00:00",30.8,,
"2019-11-10 00:00:00",,,21.8
"2019-11-15 00:00:00",30.9,,
"2019-11-16 00:00:00",,,20.6
"2019-11-17 00:00:00",,-8.9,
"2019-11-21 00:00:00",21.7,,
"2019-11-22 00:00:00",,,22.3
"2019-11-23 00:00:00",,-8.3,
"2019-11-27 00:00:00",31.2,,
"2019-11-28 00:00:00",,,24.8
"2019-11-29 00:00:00",,-6.4,
"2019-12-03 00:00:00",26.7,,
"2019-12-04 00:00:00",,,22.1
"2019-12-05 00:00:00",,-7.2,
"2019-12-09 00:00:00",28.7,,
"2019-12-10 00:00:00",,,22.3
"2019-12-11 00:00:00",,-9.2,
"2019-12-15 00:00:00",31,,
"2019-12-16 00:00:00",,,23.5
"2019-12-17 00:00:00",,-7.8,
"2019-12-22 00:00:00",,,21.3
"2019-12-23 00:00:00",,-6.5,
"2019-12-27 00:00:00",30.7,,
"2019-12-28 00:00:00",,,15.9
"2019-12-29 00:00:00",,-11.1,
"2020-01-02 00:00:00",30,,
"2020-01-03 00:00:00",,,24.7
"2020-01-04 00:00:00",,-6.4,
"2020-01-08 00:00:00",36.9,,
"2020-01-09 00:00:00",,,22.8
"2020-01-10 00:00:00",,-9.7,
"2020-01-14 00:00:00",29.2,,
"2020-01-15 00:00:00",,,22.6
"2020-01-16 00:00:00",,-9.8,
"2020-01-20 00:00:00",34.3,,
"2020-01-21 00:00:00",,,20.8
"2020-01-22 00:00:00",,-8.5,
"2020-01-26 00:00:00",28,,
"2020-01-27 00:00:00",,,25.5
"2020-01-28 00:00:00",,-10,
"2020-02-01 00:00:00",32.8,,
"2020-02-03 00:00:00",,-10,
"2020-02-07 00:00:00",33.3,,
"2020-02-08 00:00:00",,,22.8
"2020-02-09 00:00:00",,-7.7,
"2020-02-13 00:00:00",31.1,,
"2020-02-14 00:00:00",,,19.3
"2020-02-15 00:00:00",,-12.7,
"2020-02-20 00:00:00",,,25.5
"2020-02-21 00:00:00",,-7.4,
"2020-02-25 00:00:00",28.5,,
"2020-02-26 00:00:00",,,23.4
"2020-02-27 00:00:00",,-9.1,
"2020-03-02 00:00:00",30.1,,
"2020-03-03 00:00:00",,,20.1
"2020-03-04 00:00:00",,-11.8,
"2020-03-08 00:00:00",33.5,,
"2020-03-09 00:00:00",,,20.8
"2020-03-10 00:00:00",,-11.6,
"2020-03-14 00:00:00",23.4,,
"2020-03-15 00:00:00",,,16.5
"2020-03-16 00:00:00",,-7.9,
"2020-03-20 00:00:00",28.4,,
"2020-03-21 00:00:00",,,20.1
"2020-03-22 00:00:00",,-14.1,
"2020-03-26 00:00:00",27.7,,
"2020-03-27 00:00:00",,,20.7
"2020-03-28 00:00:00",,-10.5,
"2020-04-01 00:00:00",27.8,,
"2020-04-02 00:00:00",,,23.4
"2020-04-03 00:00:00",,-6.1,
"2020-04-07 00:00:00",26.5,,
"2020-04-08 00:00:00",,,20.6
"2020-04-09 00:00:00",,-12.1,
"2020-04-13 00:00:00",31.2,,
"2020-04-14 00:00:00",,,14.8
"2020-04-15 00:00:00",,-6.8,
"2020-04-20 00:00:00",,,19.7
"2020-04-21 00:00:00",,-8.5,
"2020-04-25 00:00:00",31.4,,
"2020-04-26 00:00:00",,,21.4
"2020-04-27 00:00:00",,-11.3,
"2020-05-01 00:00:00",32.3,,
"2020-05-02 00:00:00",,,21.3
"2020-05-03 00:00:00",,-11.9,
"2020-05-07 00:00:00",33.1,,
"2020-05-08 00:00:00",,,21.9
"2020-05-09 00:00:00",,-9.6,
"2020-05-13 00:00:00",30.7,,
"2020-05-14 00:00:00",,,21.5
"2020-05-15 00:00:00",,-8.7,
"2020-05-19 00:00:00",33.7,,
"2020-05-20 00:00:00",,,19.7
"2020-05-21 00:00:00",,-13.2,
"2020-05-25 00:00:00",28.1,,
"2020-05-27 00:00:00",,-7.3,
"2020-05-31 00:00:00",28.7,,
"2020-06-01 00:00:00",,,22.7
"2020-06-02 00:00:00",,-12.8,
"2020-06-06 00:00:00",33.2,,
"2020-06-07 00:00:00",,,28.3
"2020-06-08 00:00:00",,-9.9,
"2020-06-12 00:00:00",38.7,,
"2020-06-13 00:00:00",,,23.6
"2020-06-14 00:00:00",,-8.4,
"2020-06-19 00:00:00",,,17.5
"2020-06-20 00:00:00",,-10.8,
"2020-06-24 00:00:00",28,,
"2020-06-25 00:00:00",,,22
"2020-06-26 00:00:00",,-12.6,
"2020-06-30 00:00:00",34.9,,
"2020-07-01 00:00:00",,,25.1
"2020-07-06 00:00:00",31.9,,
"2020-07-07 00:00:00",,,26.2
"2020-07-08 00:00:00",,-11.6,
"2020-07-12 00:00:00",28.2,,
"2020-07-13 00:00:00",,,19
"2020-07-14 00:00:00",,-13.9,
"2020-07-18 00:00:00",37.8,,
"2020-07-19 00:00:00",,,25.6
"2020-07-20 00:00:00",,-11.2,
"2020-07-24 00:00:00",40.8,,
"2020-07-25 00:00:00",,,26
"2020-07-26 00:00:00",,-13.6,
"2020-07-30 00:00:00",27.5,,
"2020-07-31 00:00:00",,,23.9
"2020-08-01 00:00:00",,-10.5,
"2020-08-05 00:00:00",30.5,,
"2020-08-06 00:00:00",,,16.9
"2020-08-07 00:00:00",,-13.7,
"2020-08-11 00:00:00",30.7,,
"2020-08-12 00:00:00",,,18.4
"2020-08-13 00:00:00",,-14.2,
"2020-08-18 00:00:00",,,22.7
"2020-08-19 00:00:00",,-12.5,
"2020-08-23 00:00:00",31.3,,
"2020-08-24 00:00:00",,,25.5
"2020-08-25 00:00:00",,-11.3,
"2020-08-29 00:00:00",32.1,,
"2020-08-30 00:00:00",,,26.4
"2020-08-31 00:00:00",,-7.7,
"2020-09-04 00:00:00",37.4,,
"2020-09-05 00:00:00",,,21.7
"2020-09-06 00:00:00",,-11,
"2020-09-10 00:00:00",38.8,,
"2020-09-11 00:00:00",,,21.1
"2020-09-12 00:00:00",,-9.8,
"2020-09-16 00:00:00",34.5,,
"2020-09-17 00:00:00",,,25.3
"2020-09-18 00:00:00",,-11.2,
"2020-09-22 00:00:00",34.6,,
"2020-09-23 00:00:00",,,22
"2020-09-24 00:00:00",,-12.4,
"2020-09-28 00:00:00",35.2,,
"2020-09-29 00:00:00",,,22.2
"2020-09-30 00:00:00",,-9,
"2020-10-04 00:00:00",42.7,,
"2020-10-05 00:00:00",,,30
"2020-10-06 00:00:00",,-11.2,
"2020-10-10 00:00:00",37.1,,
"2020-10-11 00:00:00",,,24
"2020-10-12 00:00:00",,-12,
"2020-10-17 00:00:00",,,29
"2020-10-18 00:00:00",,-10.4,
"2020-10-22 00:00:00",30.9,,
"2020-10-23 00:00:00",,,27.9
"2020-10-24 00:00:00",,-9,
"2020-10-28 00:00:00",44.5,,
"2020-10-29 00:00:00",,,28.9
"2020-10-30 00:00:00",,-12.4,
"2020-11-03 00:00:00",41.9,,
"2020-11-04 00:00:00",,,28.5
"2020-11-05 00:00:00",,-13.1,
"2020-11-09 00:00:00",50.1,,
"2020-11-11 00:00:00",,-12.5,
"2020-11-15 00:00:00",44.1,,
"2020-11-16 00:00:00",,,28.7
"2020-11-17 00:00:00",,-10.2,
"2020-11-21 00:00:00",50.7,,
"2020-11-23 00:00:00",,-12.4,
"2020-11-27 00:00:00",53.2,,
"2020-11-28 00:00:00",,,32.7
"2020-11-29 00:00:00",,-9.5,
"2020-12-03 00:00:00",51.8,,
"2020-12-04 00:00:00",,,34.6
"2020-12-05 00:00:00",,-14.8,
"2020-12-10 00:00:00",,,32.9
"2020-12-11 00:00:00",,-11.7,
"2020-12-15 00:00:00",58,,
"2020-12-16 00:00:00",,,34.2
"2020-12-17 00:00:00",,-13.2,
"2020-12-21 00:00:00",53.6,,
"2020-12-22 00:00:00",,,32.3
"2020-12-23 00:00:00",,-14.9,
"2020-12-27 00:00:00",62.2,,
"2020-12-28 00:00:00",,,36.2
"2020-12-29 00:00:00",,-14,
"2021-01-02 00:00:00",55.2,,
"2021-01-03 00:00:00",,,31.5
"2021-01-04 00:00:00",,-14.6,
"2021-01-08 00:00:00",56.1,,
"2021-01-09 00:00:00",,,35.1
"2021-01-10 00:00:00",,-12.6,
"2021-01-14 00:00:00",59.6,,
"2021-01-15 00:00:00",,,33.5
"2021-01-16 00:00:00",,-10.3,
"2021-01-20 00:00:00",57,,
"2021-01-21 00:00:00",,,33
"2021-01-22 00:00:00",,-17.2,
"2021-01-26 00:00:00",58.9,,
"2021-01-27 00:00:00",,,33.9
"2021-01-28 00:00:00",,-16.9,
"2021-02-01 00:00:00",55.9,,
"2021-02-02 00:00:00",,,31.9
"2021-02-03 00:00:00",,-13.3,
"2021-02-07 00:00:00",54.5,,
"2021-02-08 00:00:00",,,31
"2021-02-09 00:00:00",,-13,
"2021-02-14 00:00:00",,,33.6
"2021-02-15 00:00:00",,-11.7,
"2021-02-19 00:00:00",54.9,,
"2021-02-20 00:00:00",,,29.1
"2021-02-21 00:00:00",,-17.2,
"2021-02-25 00:00:00",55.4,,
"2021-02-26 00:00:00",,,30.9
"2021-02-27 00:00:00",,-13.6,
"2021-03-03 00:00:00",52.3,,
"2021-03-04 00:00:00",,,31.8
"2021-03-05 00:00:00",,-16.3,
"2021-03-09 00:00:00",54,,
"2021-03-10 00:00:00",,,33.6
"2021-03-11 00:00:00",,-12.1,
"2021-03-15 00:00:00",54.1,,
"2021-03-17 00:00:00",,-14.8,
"2021-03-21 00:00:00",51.2,,
"2021-03-22 00:00:00",,,30.6
"2021-03-23 00:00:00",,-18.3,
"2021-03-27 00:00:00",53.9,,
"2021-03-28 00:00:00",,,32.5
"2021-03-29 00:00:00",,-13.6,
"2021-04-02 00:00:00",55.1,,
"2021-04-03 00:00:00",,,32.6
"2021-04-04 00:00:00",,-12.8,
"2021-04-08 00:00:00",55.2,,
"2021-04-09 00:00:00",,,33.4
"2021-04-10 00:00:00",,-14.5,
"2021-04-14 00:00:00",54.1,,
"2021-04-15 00:00:00",,,31.2
"2021-04-16 00:00:00",,-18.2,
"2021-04-20 00:00:00",51.8,,
"2021-04-21 00:00:00",,,30.8
"2021-04-22 00:00:00",,-17,
"2021-04-26 00:00:00",53,,
"2021-04-27 00:00:00",,,35.2
"2021-04-28 00:00:00",,-14.2,
"2021-05-02 00:00:00",56.1,,
"2021-05-03 00:00:00",,,30.9
"2021-05-04 00:00:00",,-13.9,
"2021-05-08 00:00:00",58.4,,
"2021-05-09 00:00:00",,,29.3
"2021-05-10 00:00:00",,-21.3,
"2021-05-14 00:00:00",50.5,,
"2021-05-15 00:00:00",,,30.7
"2021-05-16 00:00:00",,-15.5,
"2021-05-20 00:00:00",52.3,,
"2021-05-21 00:00:00",,,32.4
"2021-05-22 00:00:00",,-16.6,
"2021-05-26 00:00:00",50.9,,
"2021-05-27 00:00:00",,,34.1
"2021-05-28 00:00:00",,-12.9,
"2021-06-01 00:00:00",56.7,,
"2021-06-02 00:00:00",,,28.6
"2021-06-03 00:00:00",,-17.1,
"2021-06-07 00:00:00",51.9,,
"2021-06-09 00:00:00",,-18.1,
"2021-06-13 00:00:00",47.2,,
"2021-06-14 00:00:00",,,35.4
"2021-06-15 00:00:00",,-19.4,
"2021-06-19 00:00:00",48.4,,
"2021-06-20 00:00:00",,,29.3
"2021-06-21 00:00:00",,-17.8,
"2021-06-25 00:00:00",56.9,,
"2021-06-26 00:00:00",,,30.2
"2021-06-27 00:00:00",,-16.9,
"2021-07-01 00:00:00",58.7,,
"2021-07-02 00:00:00",,,36.5
"2021-07-03 00:00:00",,-21.1,
"2021-07-07 00:00:00",57.8,,
"2021-07-08 00:00:00",,,35.9
"2021-07-09 00:00:00",,-23.5,
"2021-07-13 00:00:00",57.9,,
"2021-07-14 00:00:00",,,28.4
"2021-07-15 00:00:00",,-19.9,
"2021-07-19 00:00:00",60.7,,
"2021-07-20 00:00:00",,,36.9
"2021-07-21 00:00:00",,-13.2,
"2021-07-25 00:00:00",66,,
"2021-07-26 00:00:00",,,38.1
"2021-07-27 00:00:00",,-21.8,
"2021-07-31 00:00:00",79.7,,
"2021-08-01 00:00:00",,,33.9
"2021-08-02 00:00:00",,-18.2,
"2021-08-06 00:00:00",92.6,,
"2021-08-07 00:00:00",,,35.8
"2021-08-08 00:00:00",,-15.1,
"2021-08-12 00:00:00",87,,
"2021-08-13 00:00:00",,,29.5
"2021-08-14 00:00:00",,-16.3,
"2021-08-18 00:00:00",89.3,,
"2021-08-20 00:00:00",,-17.9,
"2021-08-24 00:00:00",91.6,,
"2021-08-25 00:00:00",,,35.9
"2021-08-26 00:00:00",,-18.8,
"2021-08-30 00:00:00",85.3,,
"2021-08-31 00:00:00",,,32.9
"2021-09-01 00:00:00",,-21.5,
"2021-09-05 00:00:00",85.7,,
"2021-09-06 00:00:00",,,29.3
"2021-09-07 00:00:00",,-21.3,
"2021-09-11 00:00:00",87.4,,
"2021-09-12 00:00:00",,,31.1
"2021-09-13 00:00:00",,-17,
"2021-09-17 00:00:00",89.5,,
"2021-09-18 00:00:00",,,33
"2021-09-19 00:00:00",,-17.4,
"2021-09-23 00:00:00",91,,
"2021-09-24 00:00:00",,,32.8
"2021-09-25 00:00:00",,-16.3,
"2021-09-29 00:00:00",102.3,,
"2021-09-30 00:00:00",,,32.8
"2021-10-01 00:00:00",,-17.7,
"2021-10-06 00:00:00",,,32
"2021-10-07 00:00:00",,-17.8,
"2021-10-11 00:00:00",90.2,,
"2021-10-12 00:00:00",,,33.3
"2021-10-13 00:00:00",,-13.7,
"2021-10-17 00:00:00",95.1,,
"2021-10-18 00:00:00",,,35.4
"2021-10-19 00:00:00",,-17.6,
"2021-10-23 00:00:00",94.7,,
"2021-10-24 00:00:00",,,34.1
"2021-10-25 00:00:00",,-19.7,
"2021-10-29 00:00:00",97.6,,
"2021-10-30 00:00:00",,,37.6
"2021-10-31 00:00:00",,-17.8,
"2021-11-04 00:00:00",97.7,,
"2021-11-06 00:00:00",,-19.3,
"2021-11-10 00:00:00",102.4,,
"2021-11-11 00:00:00",,,43
"2021-11-12 00:00:00",,-17.6,
"2021-11-16 00:00:00",101.8,,
"2021-11-17 00:00:00",,,44.4
"2021-11-18 00:00:00",,-19.2,
"2021-11-22 00:00:00",102.4,,
"2021-11-23 00:00:00",,,41.5
"2021-11-24 00:00:00",,-17.9,
"2021-11-28 00:00:00",105.8,,
"2021-11-29 00:00:00",,,44.2
"2021-11-30 00:00:00",,-19.6,
"2021-12-04 00:00:00",105.3,,
"2021-12-05 00:00:00",,,42.3
"2021-12-06 00:00:00",,-19.8,
"2021-12-10 00:00:00",101.8,,
"2021-12-11 00:00:00",,,42
"2021-12-12 00:00:00",,-21.2,
"2021-12-16 00:00:00",102.7,,
"2021-12-17 00:00:00",,,40.2
"2021-12-18 00:00:00",,-20.3,
"2021-12-22 00:00:00",106.5,,
"2021-12-23 00:00:00",,,42.9
"2021-12-28 00:00:00",106,,
"2021-12-30 00:00:00",,-21.4,
"2022-01-04 00:00:00",,,39.6
"2022-01-09 00:00:00",99.7,,
"2022-01-11 00:00:00",,-23,
"2022-01-16 00:00:00",,,43.4
"2022-01-21 00:00:00",106.3,,
"2022-01-23 00:00:00",,-22,
"2022-01-28 00:00:00",,,40
"2022-02-02 00:00:00",106.4,,
"2022-02-04 00:00:00",,-16.6,
"2022-02-09 00:00:00",,,42.6
"2022-02-14 00:00:00",105.4,,
"2022-02-16 00:00:00",,-23.4,
"2022-02-21 00:00:00",,,40.8
"2022-02-26 00:00:00",101.9,,
"2022-02-28 00:00:00",,-23.3,
"2022-03-05 00:00:00",,,37.8
"2022-03-10 00:00:00",94,,
"2022-03-12 00:00:00",,-21.2,
"2022-03-17 00:00:00",,,39.1
"2022-03-22 00:00:00",97.9,,