"timestamp","037-0712-iw3","110-0711-iw2"
"2018-07-30 00:00:00",,-0.2
"2018-07-31 00:00:00",-0.3,
"2018-08-05 00:00:00",,2
"2018-08-06 00:00:00",2.3,
"2018-08-11 00:00:00",,4.4
"2018-08-12 00:00:00",-1,
"2018-08-17 00:00:00",,0.5
"2018-08-18 00:00:00",-2.4,
"2018-08-23 00:00:00",,-2.3
"2018-08-24 00:00:00",-2.3,
"2018-08-30 00:00:00",-5.6,
"2018-09-04 00:00:00",,-8
"2018-09-05 00:00:00",-9.5,
"2018-09-10 00:00:00",,-8.4
"2018-09-11 00:00:00",-10.1,
"2018-09-16 00:00:00",,-9.9
"2018-09-17 00:00:00",-10.6,
"2018-09-22 00:00:00",,-13.3
"2018-09-23 00:00:00",-16.7,
"2018-09-28 00:00:00",,-19.2
"2018-09-29 00:00:00",-20.7,
"2018-10-04 00:00:00",,-28.3
"2018-10-05 00:00:00",-31.8,
"2018-10-10 00:00:00",,-41.3
"2018-10-11 00:00:00",-39.8,
"2018-10-16 00:00:00",,-42.4
"2018-10-17 00:00:00",-48.4,
"2018-10-22 00:00:00",,-51.6
"2018-10-23 00:00:00",-51.7,
"2018-10-28 00:00:00",,-58.6
"2018-10-29 00:00:00",-62.2,
"2018-11-03 00:00:00",,-65.7
"2018-11-04 00:00:00",-65.4,
"2018-11-09 00:00:00",,-72.6
"2018-11-10 00:00:00",-71.5,
"2018-11-15 00:00:00",,-76.7
"2018-11-16 00:00:00",-79.1,
"2018-11-21 00:00:00",,-75.6
"2018-11-22 00:00:00",-81.7,
"2018-11-27 00:00:00",,-81.4
"2018-11-28 00:00:00",-84.6,
"2018-12-03 00:00:00",,-81.7
"2018-12-04 00:00:00",-89.1,
"2018-12-09 00:00:00",,-91.9
"2018-12-15 00:00:00",,-89.9
"2018-12-16 00:00:00",-94.6,
"2018-12-21 00:00:00",,-91
"2018-12-22 00:00:00",-94,
"2018-12-27 00:00:00",,-88.2
"2018-12-28 00:00:00",-91.3,
"2019-01-02 00:00:00",,-89.4
"2019-01-03 00:00:00",-93.4,
"2019-01-08 00:00:00",,-93.1
"2019-01-09 00:00:00",-94.2,
"2019-01-14 00:00:00",,-85.1
"2019-01-15 00:00:00",-89.4,
"2019-01-20 00:00:00",,-90.6
"2019-01-21 00:00:00",-95.7,
"2019-01-26 00:00:00",,-89.2
"2019-01-27 00:00:00",-88.2,
"2019-02-01 00:00:00",,-89.9
"2019-02-02 00:00:00",-93.2,
"2019-02-08 00:00:00",-93.6,
"2019-02-13 00:00:00",,-87.3
"2019-02-14 00:00:00",-95.6,
"2019-02-19 00:00:00",,-92.4
"2019-02-20 00:00:00",-94.8,
"2019-02-25 00:00:00",,-89.4
"2019-02-26 00:00:00",-92.7,
"2019-03-03 00:00:00",,-92.6
"2019-03-04 00:00:00",-93.9,
"2019-03-09 00:00:00",,-92.1
"2019-03-10 00:00:00",-95,
"2019-03-15 00:00:00",,-90
"2019-03-16 00:00:00",-92.4,
"2019-03-21 00:00:00",,-94.2
"2019-03-22 00:00:00",-92.7,
"2019-03-27 00:00:00",,-91.6
"2019-03-28 00:00:00",-96.1,
"2019-04-02 00:00:00",,-94.3
"2019-04-03 00:00:00",-95.5,
"2019-04-08 00:00:00",,-93.4
"2019-04-09 00:00:00",-94.7,
"2019-04-14 00:00:00",,-93.2
"2019-04-15 00:00:00",-94,
"2019-04-20 00:00:00",,-93.4
"2019-04-21 00:00:00",-96.8,
"2019-04-26 00:00:00",,-93.1
"2019-04-27 00:00:00",-95.2,
"2019-05-02 00:00:00",,-93.2
"2019-05-03 00:00:00",-96.5,
"2019-05-08 00:00:00",,-93.2
"2019-05-09 00:00:00",-94.7,
"2019-05-14 00:00:00",,-94.9
"2019-05-15 00:00:00",-98.5,
"2019-05-20 00:00:00",,-96
"2019-05-21 00:00:00",-102.6,
"2019-05-26 00:00:00",,-96.7
"2019-05-27 00:00:00",-100.9,
"2019-06-01 00:00:00",,-101.3
"2019-06-02 00:00:00",-106.4,
"2019-06-08 00:00:00",-103.4,
"2019-06-13 00:00:00",,-110.2
"2019-06-14 00:00:00",-111,
"2019-06-19 00:00:00",,-110.3
"2019-06-20 00:00:00",-116.8,
"2019-06-25 00:00:00",,-115.6
"2019-06-26 00:00:00",-121.7,
"2019-07-01 00:00:00",,-116.3
"2019-07-02 00:00:00",-119.4,
"2019-07-07 00:00:00",,-121.3
"2019-07-08 00:00:00",-125.5,
"2019-07-13 00:00:00",,-121.7
"2019-07-14 00:00:00",-127.7,
"2019-07-19 00:00:00",,-123.3
"2019-07-20 00:00:00",-124.7,
"2019-07-25 00:00:00",,-123.6
"2019-07-26 00:00:00",-130.3,
"2019-07-31 00:00:00",,-123.5
"2019-08-01 00:00:00",-127.4,
"2019-08-06 00:00:00",,-124.6
"2019-08-07 00:00:00",-128.5,
"2019-08-12 00:00:00",,-127.8
"2019-08-13 00:00:00",-128.5,
"2019-08-18 00:00:00",,-124.7
"2019-08-19 00:00:00",-129.2,
"2019-08-24 00:00:00",,-132.1
"2019-08-25 00:00:00",-136.6,
"2019-08-30 00:00:00",,-133
"2019-08-31 00:00:00",-135.8,
"2019-09-05 00:00:00",,-131.1
"2019-09-06 00:00:00",-136.7,
"2019-09-11 00:00:00",,-134
"2019-09-12 00:00:00",-137.9,
"2019-09-17 00:00:00",,-137.7
"2019-09-18 00:00:00",-141.6,
"2019-09-23 00:00:00",,-144.2
"2019-09-24 00:00:00",-149.9,
"2019-09-29 00:00:00",,-148.1
"2019-09-30 00:00:00",-154.6,
"2019-10-05 00:00:00",,-149.1
"2019-10-06 00:00:00",-154.5,
"2019-10-11 00:00:00",,-152
"2019-10-12 00:00:00",-157.6,
"2019-10-17 00:00:00",,-156
"2019-10-18 00:00:00",-161.5,
"2019-10-23 00:00:00",,-154.2
"2019-10-24 00:00:00",-157.5,
"2019-10-29 00:00:00",,-162.4
"2019-10-30 00:00:00",-166.9,
"2019-11-04 00:00:00",,-162.6
"2019-11-05 00:00:00",-166.3,
"2019-11-10 00:00:00",,-167
"2019-11-11 00:00:00",-171.3,
"2019-11-16 00:00:00",,-167.5
"2019-11-17 00:00:00",-174.3,
"2019-11-22 00:00:00",,-169.9
"2019-11-23 00:00:00",-174,
"2019-11-28 00:00:00",,-170.8
"2019-11-29 00:00:00",-174.8,
"2019-12-04 00:00:00",,-170.6
"2019-12-05 00:00:00",-172.8,
"2019-12-10 00:00:00",,-171.8
"2019-12-11 00:00:00",-180.2,
"2019-12-16 00:00:00",,-175.4
"2019-12-17 00:00:00",-178.5,
"2019-12-22 00:00:00",,-170.2
"2019-12-23 00:00:00",-175.5,
"2019-12-28 00:00:00",,-174.9
"2019-12-29 00:00:00",-180.1,
"2020-01-03 00:00:00",,-169.7
"2020-01-04 00:00:00",-176.6,
"2020-01-09 00:00:00",,-174.1
"2020-01-10 00:00:00",-179.4,
"2020-01-15 00:00:00",,-174.1
"2020-01-16 00:00:00",-180.4,
"2020-01-21 00:00:00",,-172.8
"2020-01-22 00:00:00",-183.5,
"2020-01-28 00:00:00",-178.8,
"2020-02-02 00:00:00",,-178.3
"2020-02-03 00:00:00",-180.3,
"2020-02-08 00:00:00",,-177
"2020-02-09 00:00:00",-184.9,
"2020-02-14 00:00:00",,-177.3
"2020-02-15 00:00:00",-181,
"2020-02-20 00:00:00",,-180
"2020-02-21 00:00:00",-176.7,
"2020-02-26 00:00:00",,-176.7
"2020-02-27 00:00:00",-181.4,
"2020-03-03 00:00:00",,-174.8
"2020-03-04 00:00:00",-184.6,
"2020-03-09 00:00:00",,-180.4
"2020-03-10 00:00:00",-184.3,
"2020-03-15 00:00:00",,-181
"2020-03-16 00:00:00",-184.8,
"2020-03-21 00:00:00",,-180.9
"2020-03-22 00:00:00",-185.9,
"2020-03-27 00:00:00",,-186.1
"2020-03-28 00:00:00",-185.8,
"2020-04-02 00:00:00",,-178.6
"2020-04-03 00:00:00",-183.1,
"2020-04-08 00:00:00",,-184.2
"2020-04-09 00:00:00",-184.3,
"2020-04-14 00:00:00",,-179
"2020-04-15 00:00:00",-185.7,
"2020-04-20 00:00:00",,-181.6
"2020-04-21 00:00:00",-184.9,
"2020-04-26 00:00:00",,-179.9
"2020-04-27 00:00:00",-181.7,
"2020-05-02 00:00:00",,-180.8
"2020-05-03 00:00:00",-184.4,
"2020-05-08 00:00:00",,-179.5
"2020-05-09 00:00:00",-184.4,
"2020-05-14 00:00:00",,-179.3
"2020-05-15 00:00:00",-186.9,
"2020-05-20 00:00:00",,-182.3
"2020-05-21 00:00:00",-187,
"2020-05-26 00:00:00",,-182
"2020-05-27 00:00:00",-187.1,
"2020-06-01 00:00:00",,-186
"2020-06-02 00:00:00",-190.7,
"2020-06-07 00:00:00",,-190.1
"2020-06-08 00:00:00",-193.9,
"2020-06-13 00:00:00",,-190.6
"2020-06-14 00:00:00",-199.6,
"2020-06-19 00:00:00",,-198.3
"2020-06-20 00:00:00",-206.7,
"2020-06-25 00:00:00",,-201.4
"2020-06-26 00:00:00",-209.8,
"2020-07-01 00:00:00",,-201.6
"2020-07-02 00:00:00",-205.1,
"2020-07-07 00:00:00",,-204.6
"2020-07-08 00:00:00",-211.7,
"2020-07-13 00:00:00",,-210.5
"2020-07-14 00:00:00",-220.4,
"2020-07-19 00:00:00",,-212
"2020-07-20 00:00:00",-217.1,
"2020-07-25 00:00:00",,-210.7
"2020-07-26 00:00:00",-220.9,
"2020-07-31 00:00:00",,-216
"2020-08-01 00:00:00",-220.1,
"2020-08-06 00:00:00",,-218.4
"2020-08-07 00:00:00",-225.9,
"2020-08-12 00:00:00",,-218
"2020-08-13 00:00:00",-226.8,
"2020-08-18 00:00:00",,-216.9
"2020-08-19 00:00:00",-223.4,
"2020-08-24 00:00:00",,-215.5
"2020-08-25 00:00:00",-221.5,
"2020-08-30 00:00:00",,-218
"2020-08-31 00:00:00",-224.8,
"2020-09-05 00:00:00",,-219.4
"2020-09-06 00:00:00",-228.1,
"2020-09-11 00:00:00",,-220.8
"2020-09-12 00:00:00",-229.5,
"2020-09-17 00:00:00",,-223.7
"2020-09-18 00:00:00",-233.9,
"2020-09-23 00:00:00",,-228.3
"2020-09-24 00:00:00",-236,
"2020-09-29 00:00:00",,-232.9
"2020-09-30 00:00:00",-241.8,
"2020-10-05 00:00:00",,-232.3
"2020-10-06 00:00:00",-238.8,
"2020-10-11 00:00:00",,-236.6
"2020-10-12 00:00:00",-245.5,
"2020-10-17 00:00:00",,-237.6
"2020-10-18 00:00:00",-247,
"2020-10-23 00:00:00",,-241.8
"2020-10-24 00:00:00",-251.2,
"2020-10-29 00:00:00",,-247.5
"2020-10-30 00:00:00",-254.4,
"2020-11-04 00:00:00",,-255.9
"2020-11-05 00:00:00",-264.6,
"2020-11-10 00:00:00",,-257.9
"2020-11-11 00:00:00",-267.1,
"2020-11-16 00:00:00",,-261
"2020-11-17 00:00:00",-268.3,
"2020-11-22 00:00:00",,-269.3
"2020-11-23 00:00:00",-275.3,
"2020-11-28 00:00:00",,-276.3
"2020-11-29 00:00:00",-276.6,
"2020-12-04 00:00:00",,-282
"2020-12-05 00:00:00",-268.1,
"2020-12-10 00:00:00",,-288.6
"2020-12-11 00:00:00",-265.5,
"2020-12-16 00:00:00",,-290.3
"2020-12-17 00:00:00",-273.8,
"2020-12-22 00:00:00",,-299.2
"2020-12-23 00:00:00",-279,
"2020-12-28 00:00:00",,-299
"2020-12-29 00:00:00",-284.5,
"2021-01-03 00:00:00",,-308.1
"2021-01-04 00:00:00",-285.3,
"2021-01-09 00:00:00",,-306.4
"2021-01-10 00:00:00",-286.8,
"2021-01-15 00:00:00",,-308.2
"2021-01-16 00:00:00",-289.3,
"2021-01-21 00:00:00",,-309.8
"2021-01-22 00:00:00",-292.6,
"2021-01-27 00:00:00",,-308.8
"2021-01-28 00:00:00",-288.1,
"2021-02-02 00:00:00",,-307.3
"2021-02-03 00:00:00",-287.4,
"2021-02-09 00:00:00",-290.1,
"2021-02-14 00:00:00",,-310.2
"2021-02-15 00:00:00",-294,
"2021-02-20 00:00:00",,-309.5
"2021-02-21 00:00:00",-290.9,
"2021-02-26 00:00:00",,-307.7
"2021-02-27 00:00:00",-295.7,
"2021-03-04 00:00:00",,-311
"2021-03-05 00:00:00",-289.7,
"2021-03-10 00:00:00",,-307.6
"2021-03-11 00:00:00",-291.3,
"2021-03-16 00:00:00",,-312.6
"2021-03-17 00:00:00",-290.7,
"2021-03-22 00:00:00",,-309.2
"2021-03-23 00:00:00",-293.2,
"2021-03-28 00:00:00",,-311.2
"2021-03-29 00:00:00",-293.3,
"2021-04-03 00:00:00",,-310.9
"2021-04-04 00:00:00",-291.6,
"2021-04-09 00:00:00",,-312.3
"2021-04-10 00:00:00",-292.7,
"2021-04-15 00:00:00",,-311.5
"2021-04-16 00:00:00",-293.1,
"2021-04-21 00:00:00",,-311.7
"2021-04-22 00:00:00",-293.3,
"2021-04-27 00:00:00",,-311.7
"2021-04-28 00:00:00",-292.8,
"2021-05-03 00:00:00",,-312.1
"2021-05-04 00:00:00",-293.4,
"2021-05-09 00:00:00",,-311.5
"2021-05-10 00:00:00",-296.6,
"2021-05-15 00:00:00",,-307.5
"2021-05-16 00:00:00",-294.7,
"2021-05-21 00:00:00",,-311.7
"2021-05-22 00:00:00",-294.2,
"2021-05-27 00:00:00",,-313.8
"2021-05-28 00:00:00",-293.4,
"2021-06-02 00:00:00",,-316.8
"2021-06-08 00:00:00",,-317.9
"2021-06-09 00:00:00",-297.5,
"2021-06-15 00:00:00",-301.5,
"2021-06-20 00:00:00",,-319.9
"2021-06-21 00:00:00",-307.7,
"2021-06-26 00:00:00",,-333.5
"2021-06-27 00:00:00",-316.1,
"2021-07-02 00:00:00",,-329.6
"2021-07-03 00:00:00",-312.1,
"2021-07-08 00:00:00",,-331.7
"2021-07-09 00:00:00",-316.2,
"2021-07-14 00:00:00",,-339.1
"2021-07-15 00:00:00",-313.6,
"2021-07-20 00:00:00",,-335.8
"2021-07-21 00:00:00",-321.2,
"2021-07-26 00:00:00",,-332.9
"2021-07-27 00:00:00",-319.9,
"2021-08-01 00:00:00",,-339.9
"2021-08-02 00:00:00",-321.9,
"2021-08-07 00:00:00",,-336.2
"2021-08-08 00:00:00",-322.4,
"2021-08-13 00:00:00",,-340.5
"2021-08-14 00:00:00",-322.1,
"2021-08-19 00:00:00",,-341.5
"2021-08-20 00:00:00",-325.4,
"2021-08-25 00:00:00",,-342.8
"2021-08-26 00:00:00",-321.6,
"2021-08-31 00:00:00",,-343.4
"2021-09-01 00:00:00",-329.5,
"2021-09-06 00:00:00",,-344.2
"2021-09-07 00:00:00",-330.9,
"2021-09-12 00:00:00",,-349.1
"2021-09-13 00:00:00",-329.5,
"2021-09-18 00:00:00",,-346.5
"2021-09-19 00:00:00",-330,
"2021-09-24 00:00:00",,-346.6
"2021-09-25 00:00:00",-326.9,
"2021-09-30 00:00:00",,-346.2
"2021-10-01 00:00:00",-329,
"2021-10-06 00:00:00",,-347.7
"2021-10-07 00:00:00",-329.1,
"2021-10-12 00:00:00",,-349.4
"2021-10-13 00:00:00",-328.2,
"2021-10-18 00:00:00",,-350.9
"2021-10-19 00:00:00",-328.6,
"2021-10-24 00:00:00",,-357.4
"2021-10-25 00:00:00",-341.7,
"2021-10-30 00:00:00",,-361.3
"2021-10-31 00:00:00",-345.4,
"2021-11-05 00:00:00",,-374.3
"2021-11-06 00:00:00",-357.3,
"2021-11-11 00:00:00",,-382.7
"2021-11-12 00:00:00",-366.7,
"2021-11-17 00:00:00",,-389.1
"2021-11-18 00:00:00",-373.3,
"2021-11-23 00:00:00",,-399.2
"2021-11-24 00:00:00",-386.3,
"2021-11-29 00:00:00",,-406.9
"2021-11-30 00:00:00",-392.6,
"2021-12-05 00:00:00",,-413.3
"2021-12-06 00:00:00",-398,
"2021-12-11 00:00:00",,-412.8
"2021-12-12 00:00:00",-399.9,
"2021-12-17 00:00:00",,-414.3
"2021-12-18 00:00:00",-399.2,
"2021-12-23 00:00:00",,-412.8
"2021-12-30 00:00:00",-399.9,
"2022-01-04 00:00:00",,-415.1
"2022-01-11 00:00:00",-401.6,
"2022-01-16 00:00:00",,-414.9
"2022-01-23 00:00:00",-401.6,
"2022-01-28 00:00:00",,-413.9
"2022-02-04 00:00:00",-399.8,
"2022-02-09 00:00:00",,-410.5
"2022-02-16 00:00:00",-401.2,
"2022-02-21 00:00:00",,-417.2
"2022-02-28 00:00:00",-399.8,
"2022-03-05 00:00:00",,-416.9
"2022-03-12 00:00:00",-399.6,
"2022-03-17 00:00:00",,-420.6
"2022-03-24 00:00:00",-403.8,